Cap,Salt,Cadmium,Timepoint,Plant,TissueType,WetWeight,DryWeight,VolDigestUsed,Sample,Element,ConcSamp,ConcRep,CorConc,ugElementPermgDW,ugElement
28,0,0,0,1,old leaf,0.045,0.00567,0.7,SKT_01,Cd,0.007017606,0.007,0.0025722389999999996,3.8884943310657594,0.022047762857142855
29,0,0,0,1,young leaf,0.022,0.0034,0.7,SKT_02,Cd,0.006955939,0.007,0.002510572,6.3291731092436985,0.021519188571428573
30,0,0,0,1,root,0,4.4e-4,0.9,SKT_03,Cd,0.006087878,0.006,0.0016425109999999993,24.88653030303029,0.010950073333333329
31,0,0,0,2,old leaf,0.241,0.02381,0.7,SKT_04,Cd,0.006578702,0.007,0.0021333349999999992,0.7679852402951938,0.018285728571428565
32,0,0,0,2,young leaf,0.055,0.00592,0.7,SKT_05,Cd,8.61246e-4,0.001,0,0,0
33,0,0,0,2,root,0.075,6.6e-4,0.9,SKT_06,Cd,0,0,0,0,0
34,0,0,0,3,old leaf,0.385,0.04599,0.7,SKT_07,Cd,0.006337639,0.006,0.0018922719999999995,0.3526739353275556,0.016219474285714283
35,0,0,0,3,young leaf,0.114,0.01297,0.7,SKT_08,Cd,0.005308046,0.005,8.626789999999999e-4,0.5701149906377353,0.007394391428571428
36,0,0,0,3,root,0.087,0.00181,0.7,SKT_09,Cd,0.006270254,0.006,0.0018248869999999999,8.641927387529597,0.01564188857142857
37,0,0,1,1,old leaf,0.054,0.0067,0.7,SKT_10,Cd,0.006218319,0.006,0.0017729519999999995,2.2681688699360336,0.015196731428571425
38,0,0,1,1,young leaf,0.037,0.00494,0.7,SKT_11,Cd,0.004898394,0.005,4.5302699999999994e-4,0.7860503181029497,0.0038830885714285714
39,0,0,1,1,root,0.015,4.5e-4,0.9,SKT_12,Cd,0.006316509,0.006,0.0018711419999999993,27.72062222222221,0.012474279999999994
40,0,0,1,2,old leaf,0.188,0.02266,0.7,SKT_13,Cd,0.005711163,0.006,0.0012657959999999996,0.478803177405119,0.010849679999999997
41,0,0,1,2,young leaf,0.147,0.0201,0.7,SKT_14,Cd,0.005744536,0.006,0.0012991689999999993,0.5540166311300637,0.01113573428571428
42,0,0,1,2,root,0.081,0.00206,0.7,SKT_15,Cd,0.00483294,0.005,3.8757299999999956e-4,1.6126477115117872,0.003322054285714282
43,0,0,1,3,old leaf,0.516,0.05449,0.7,SKT_16,Cd,0.004222068,0.004,0,0,0
44,0,0,1,3,young leaf,0.304,0.03535,0.7,SKT_17,Cd,0.006242899,0.006,0.0017975319999999993,0.4358533845221255,0.015407417142857137
45,0,0,1,3,root,0.122,0.00493,0.7,SKT_18,Cd,0,0,0,0,0
46,0,0,2,1,old leaf,0.065,0.00734,0.7,SKT_19,Cd,0.006680086,0.007,0.0022347189999999996,2.6096368236667957,0.019154734285714282
47,0,0,2,1,young leaf,0.066,0.00558,0.7,SKT_20,Cd,0.00454305,0.005,9.768299999999945e-5,0.1500506912442388,8.372828571428525e-4
48,0,0,2,1,root,0.01,6.9e-4,0.9,SKT_21,Cd,0.005609245,0.006,0.0011638779999999993,11.245198067632844,0.0077591866666666615
49,0,0,2,2,old leaf,0.266,0.03089,0.7,SKT_22,Cd,0.005740457,0.006,0.0012950899999999996,0.3593645655089487,0.011100771428571425
50,0,0,2,2,young leaf,0.129,0.0157,0.7,SKT_23,Cd,0.004626649,0.005,1.8128199999999962e-4,0.09897106460418544,0.0015538457142857112
51,0,0,2,2,root,0.087,0.00293,0.7,SKT_24,Cd,0.005108282,0.005,6.629149999999992e-4,1.9392930277913192,0.005682128571428565
52,0,0,2,3,old leaf,0.417,0.05331,0.7,SKT_25,Cd,0.005070288,0.005,6.249209999999996e-4,0.10047769113272766,0.005356465714285712
53,0,0,2,3,young leaf,0.115,0.01395,0.7,SKT_26,Cd,0.004426483,0.004,0,0,0
54,0,0,2,3,root,0.165,0.0067,0.7,SKT_27,Cd,0.005589393,0.006,0.0011440259999999994,1.463572707889125,0.009805937142857138
82,1,1,0,1,old leaf,0.24,0.02167,0.7,SKT_28,Cd,0.004871271,0.005,4.259039999999995e-4,0.1684635770321048,0.0036506057142857103
83,1,1,0,1,young leaf,0.078,0.00766,0.7,SKT_29,Cd,0.005593689,0.006,0.0011483219999999994,1.2849556135770228,0.009842759999999996
84,1,1,0,1,root,0.324,0.00413,0.7,SKT_30,Cd,0.01153642,0.012,0.007091053,14.716817018332758,0.06078045428571429
85,1,1,0,2,old leaf,0.668,0.08326,0.7,SKT_31,Cd,0.005529956,0.006,0.0010845889999999995,0.11165598297930746,0.009296477142857138
86,1,1,0,2,young leaf,0.165,0.02175,0.7,SKT_32,Cd,0.00505236,0.005,6.069929999999992e-4,0.23920906403940861,0.005202797142857137
87,1,1,0,2,root,0.357,0.00262,0.7,SKT_33,Cd,0.009072841,0.009,0.0046274739999999995,15.138955288985823,0.03966406285714286
88,1,1,0,3,old leaf,0.123,0.01696,0.7,SKT_34,Cd,0.005463773,0.005,0.0010184059999999995,0.5146930592991912,0.008729194285714281
89,1,1,0,3,young leaf,0.117,0.02156,0.7,SKT_35,Cd,0.004604436,0.005,1.5906899999999953e-4,0.06323972965809682,0.0013634485714285674
90,1,1,0,3,root,0.333,0.00338,0.7,SKT_36,Cd,0.013420966,0.013,0.008975598999999999,22.76145139475908,0.0769337057142857
91,1,1,1,1,old leaf,0.224,0.02091,0.7,SKT_37,Cd,0.009507669,0.01,0.005062301999999999,2.075139167862267,0.04339116
92,1,1,1,1,young leaf,0.084,0.00779,0.7,SKT_38,Cd,0.007524127,0.008,0.00307876,3.3875958188153312,0.02638937142857143
93,1,1,1,1,root,0.232,0.0019,0.7,SKT_39,Cd,0.01033172,0.01,0.005886353,26.55497593984963,0.050454454285714295
94,1,1,1,2,old leaf,0.539,0.08039,0.7,SKT_40,Cd,0.007875554,0.008,0.0034301869999999995,0.3657370675101736,0.029401602857142856
95,1,1,1,2,young leaf,0.147,0.02439,0.7,SKT_41,Cd,0.006790051,0.007,0.0023446839999999997,0.823997188543314,0.020097291428571428
96,1,1,1,2,root,0.212,8.6e-4,0.9,SKT_42,Cd,0.022164368,0.022,0.017719000999999998,137.3565968992248,0.11812667333333332
97,1,1,1,3,old leaf,0.134,0.02143,0.7,SKT_43,Cd,0.00550368,0.006,0.001058313,0.4232969802013199,0.009071254285714286
98,1,1,1,3,young leaf,0.06,0.01283,0.7,SKT_44,Cd,0.004174916,0.004,0,0,0
99,1,1,1,3,root,0.425,0.00403,0.7,SKT_45,Cd,0.016842301,0.017,0.012396934,26.367105281814965,0.1062594342857143
100,1,1,2,1,old leaf,NA,0.01067,0.7,SKT_46,Cd,0.01762088,0.018,0.013175512999999998,10.584158254117014,0.11293296857142855
101,1,1,2,1,young leaf,NA,0.0064,0.7,SKT_47,Cd,0.014558885,0.015,0.010113518,13.544890178571427,0.08668729714285714
102,1,1,2,1,root,NA,0.00558,0.7,SKT_48,Cd,0.072988592,0.073,0.068543225,105.28913210445471,0.5875133571428572
103,1,1,2,2,old leaf,NA,0.08275,0.7,SKT_49,Cd,0.007321494,0.007,0.002876126999999999,0.2979156150194216,0.024652517142857138
104,1,1,2,2,young leaf,NA,0.02628,0.7,SKT_50,Cd,0.006536758,0.007,0.0020913909999999997,0.6821236138290931,0.01792620857142857
105,1,1,2,2,root,NA,0.01388,0.7,SKT_51,Cd,0.703041569,0.703,0.698596202,431.4097583367641,5.987967445714286
106,1,1,2,3,old leaf,NA,0.02069,0.7,SKT_52,Cd,0.001247143,0.001,0,0,0
107,1,1,2,3,young leaf,NA,0.01375,0.7,SKT_53,Cd,0.006803966,0.007,0.0023585989999999994,1.4702954805194803,0.020216562857142854
108,1,1,2,3,root,NA,0.00681,0.7,SKT_54,Cd,0.023100468,0.023,0.018655101,23.48030333543109,0.15990086571428572
28,0,0,0,1,old leaf,0.045,0.00567,0.7,SKT_01,Na,0.232370428,0.232,0,0,0
29,0,0,0,1,young leaf,0.022,0.0034,0.7,SKT_02,Na,0.227859393,0.228,0,0,0
30,0,0,0,1,root,0,4.4e-4,0.9,SKT_03,Na,0.279103879,0.279,0,0,0
31,0,0,0,2,old leaf,0.241,0.02381,0.7,SKT_04,Na,1.968999667,1.969,1.6060292930000002,578.158982300354,13.765965368571429
32,0,0,0,2,young leaf,0.055,0.00592,0.7,SKT_05,Na,0.430906712,0.431,0.06793633800000004,98.3634237451738,0.5823114685714289
33,0,0,0,2,root,0.075,6.6e-4,0.9,SKT_06,Na,0.464336331,0.464,0.101365957,1023.8985555555556,0.6757730466666667
34,0,0,0,3,old leaf,0.385,0.04599,0.7,SKT_07,Na,2.616565822,2.617,2.253595448,420.0159254496319,19.31653241142857
35,0,0,0,3,young leaf,0.114,0.01297,0.7,SKT_08,Na,0.626883913,0.627,0.26391353900000003,174.41141469324816,2.262116048571429
36,0,0,0,3,root,0.087,0.00181,0.7,SKT_09,Na,0.718587064,0.719,0.35561669000000007,1684.0569376479878,3.0481430571428576
37,0,0,1,1,old leaf,0.054,0.0067,0.7,SKT_10,Na,0.227759537,0.228,0,0,0
38,0,0,1,1,young leaf,0.037,0.00494,0.7,SKT_11,Na,0.251450512,0.251,0,0,0
39,0,0,1,1,root,0.015,4.5e-4,0.9,SKT_12,Na,0.487308012,0.487,0.12433763800000003,1842.0390814814818,0.8289175866666668
40,0,0,1,2,old leaf,0.188,0.02266,0.7,SKT_13,Na,1.001714336,1.002,0.638743962,241.61289698650867,5.474948245714287
41,0,0,1,2,young leaf,0.147,0.0201,0.7,SKT_14,Na,0.973078148,0.973,0.610107774,260.17389083155655,5.2294952057142865
42,0,0,1,2,root,0.081,0.00206,0.7,SKT_15,Na,0.909096004,0.909,0.54612563,2272.3673925104017,4.681076828571428
43,0,0,1,3,old leaf,0.516,0.05449,0.7,SKT_16,Na,3.834934292,3.835,3.4719639179999997,546.1495820465092,29.759690725714282
44,0,0,1,3,young leaf,0.304,0.03535,0.7,SKT_17,Na,1.947944119,1.948,1.584973745,384.3136985249546,13.585489242857145
45,0,0,1,3,root,0.122,0.00493,0.7,SKT_18,Na,2.32391997,2.324,1.9609495959999999,3409.3589035062296,16.808139394285714
46,0,0,2,1,old leaf,0.065,0.00734,0.7,SKT_19,Na,0.312555098,0.313,0,0,0
47,0,0,2,1,young leaf,0.066,0.00558,0.7,SKT_20,Na,0.065292153,0.065,0,0,0
48,0,0,2,1,root,0.01,6.9e-4,0.9,SKT_21,Na,0.341303755,0.341,0,0,0
49,0,0,2,2,old leaf,0.266,0.03089,0.7,SKT_22,Na,1.011704234,1.012,0.64873386,180.01217037413863,5.560575942857143
50,0,0,2,2,young leaf,0.129,0.0157,0.7,SKT_23,Na,0.801321637,0.801,0.43835126300000005,239.3182509554141,3.757296540000001
51,0,0,2,2,root,0.087,0.00293,0.7,SKT_24,Na,0.747384013,0.747,0.38441363900000003,1124.5645216967337,3.2949740485714294
52,0,0,2,3,old leaf,0.417,0.05331,0.7,SKT_25,Na,4.154489362,4.154,3.7915189879999995,609.6179737921054,32.49873418285714
53,0,0,2,3,young leaf,0.115,0.01395,0.7,SKT_26,Na,0.730368163,0.73,0.367397789,225.74364915514593,3.1491239057142857
54,0,0,2,3,root,0.165,0.0067,0.7,SKT_27,Na,1.444870853,1.445,1.0819004790000002,1384.0944294243072,9.273432677142859
82,1,1,0,1,old leaf,0.24,0.02167,0.7,SKT_28,Na,1.61303941,1.613,1.2500690360000002,494.4567351835983,10.714877451428574
83,1,1,0,1,young leaf,0.078,0.00766,0.7,SKT_29,Na,0.495536287,0.496,0.13256591300000004,148.339328235733,1.1362792542857147
84,1,1,0,1,root,0.324,0.00413,0.7,SKT_30,Na,2.274776827,2.275,1.911806453,3967.775412659979,16.386912454285714
85,1,1,0,2,old leaf,0.668,0.08326,0.7,SKT_31,Na,5.228278792,5.228,4.865308418000001,500.87249078617765,41.70264358285715
86,1,1,0,2,young leaf,0.165,0.02175,0.7,SKT_32,Na,1.158044737,1.158,0.795074363,313.32979822660104,6.814923111428572
87,1,1,0,2,root,0.357,0.00262,0.7,SKT_33,Na,1.421345259,1.421,1.058374885,3462.513255179935,9.07178472857143
88,1,1,0,3,old leaf,0.123,0.01696,0.7,SKT_34,Na,1.163728551,1.164,0.800758177,404.695844171159,6.863641517142857
89,1,1,0,3,young leaf,0.117,0.02156,0.7,SKT_35,Na,0.615133044,0.615,0.25216267000000003,100.25020010601646,2.161394314285715
90,1,1,0,3,root,0.333,0.00338,0.7,SKT_36,Na,1.787859262,1.788,1.424888888,3613.412226542688,12.213333325714286
91,1,1,1,1,old leaf,0.224,0.02091,0.7,SKT_37,Na,25.20815017,25.21,24.845179796,10184.537731502356,212.9586839657143
92,1,1,1,1,young leaf,0.084,0.00779,0.7,SKT_38,Na,9.230455333,9.23,8.867484959,9756.997937649001,76.00701393428572
93,1,1,1,1,root,0.232,0.0019,0.7,SKT_39,Na,1.336243817,1.336,0.973273443,4390.7072616541345,8.342343797142856
94,1,1,1,2,old leaf,0.539,0.08039,0.7,SKT_40,Na,6.134839295,6.135,5.771868921,615.4143821370818,49.47316218000001
95,1,1,1,2,young leaf,0.147,0.02439,0.7,SKT_41,Na,1.025494783,1.025,0.6625244090000001,232.8323349147778,5.67878064857143
96,1,1,1,2,root,0.212,8.6e-4,0.9,SKT_42,Na,1.165900764,1.166,0.8029303900000001,6224.266589147287,5.352869266666667
97,1,1,1,3,old leaf,0.134,0.02143,0.7,SKT_43,Na,1.279403837,1.279,0.9164334630000001,366.5489486034264,7.855143968571429
98,1,1,1,3,young leaf,0.06,0.01283,0.7,SKT_44,Na,0.458204772,0.458,0.095234398,63.623915822291515,0.8162948400000001
99,1,1,1,3,root,0.425,0.00403,0.7,SKT_45,Na,2.577744981,2.578,2.214774607,4710.615966678483,18.983782345714285
100,1,1,2,1,old leaf,NA,0.01067,0.7,SKT_46,Na,12.05880905,12.06,11.695838676000001,9395.50569768376,100.25004579428573
101,1,1,2,1,young leaf,NA,0.0064,0.7,SKT_47,Na,22.87231723,22.87,22.509346856,30146.446682142858,192.9372587657143
102,1,1,2,1,root,NA,0.00558,0.7,SKT_48,Na,3.930866239,3.931,3.567895865,5480.63880952381,30.581964557142857
103,1,1,2,2,old leaf,NA,0.08275,0.7,SKT_49,Na,7.528781824,7.529,7.1658114500000005,742.2506465256798,61.42124100000001
104,1,1,2,2,young leaf,NA,0.02628,0.7,SKT_50,Na,1.332935159,1.333,0.969964785,316.3616389432486,8.313983871428572
105,1,1,2,2,root,NA,0.01388,0.7,SKT_51,Na,13.37172193,13.37,13.008751556,8033.39947879786,111.5035847657143
106,1,1,2,3,old leaf,NA,0.02069,0.7,SKT_52,Na,1.185362028,1.185,0.8223916539999999,340.6994354760754,7.0490713199999995
107,1,1,2,3,young leaf,NA,0.01375,0.7,SKT_53,Na,0.637177394,0.637,0.27420701999999997,170.9342462337662,2.3503458857142854
108,1,1,2,3,root,NA,0.00681,0.7,SKT_54,Na,4.295799128,4.296,3.9328287539999995,4950.067657646318,33.709960748571426
28,0,0,0,1,old leaf,0.045,0.00567,0.7,SKT_01,K,0.533033335,0.533,0.48556188000000006,734.0315646258504,4.161958971428572
29,0,0,0,1,young leaf,0.022,0.0034,0.7,SKT_02,K,1.694468047,1.694,1.646996592,4152.092248739496,14.117113645714287
30,0,0,0,1,root,0,4.4e-4,0.9,SKT_03,K,0.216571191,0.217,0.169099736,2562.117212121212,1.1273315733333333
31,0,0,0,2,old leaf,0.241,0.02381,0.7,SKT_04,K,44.14494263,44.14,44.097471175,15874.772127557448,377.97832435714287
32,0,0,0,2,young leaf,0.055,0.00592,0.7,SKT_05,K,12.04193466,12.04,11.994463205,17366.500779440154,102.80968461428571
33,0,0,0,2,root,0.075,6.6e-4,0.9,SKT_06,K,0.600823751,0.601,0.5533522959999999,5589.41713131313,3.6890153066666658
34,0,0,0,3,old leaf,0.385,0.04599,0.7,SKT_07,K,116.2805266,116.3,116.23305514500001,21663.042613922284,996.2833298142859
35,0,0,0,3,young leaf,0.114,0.01297,0.7,SKT_08,K,27.0628358,27.06,27.015364345,17853.5285901531,231.5602658142857
36,0,0,0,3,root,0.087,0.00181,0.7,SKT_09,K,1.804747111,1.805,1.757275656,8321.747384372535,15.062362765714287
37,0,0,1,1,old leaf,0.054,0.0067,0.7,SKT_10,K,0.617271972,0.617,0.5698005169999999,728.9558852878463,4.88400443142857
38,0,0,1,1,young leaf,0.037,0.00494,0.7,SKT_11,K,2.238854865,2.239,2.19138341,3802.284690572585,18.78328637142857
39,0,0,1,1,root,0.015,4.5e-4,0.9,SKT_12,K,0.90575131,0.906,0.8582798549999999,12715.257111111108,5.721865699999999
40,0,0,1,2,old leaf,0.188,0.02266,0.7,SKT_13,K,17.60369417,17.6,17.556222715,6640.860943764973,150.48190898571428
41,0,0,1,2,young leaf,0.147,0.0201,0.7,SKT_14,K,39.45252466,39.45,39.405053205,16803.86064179105,337.75759890000006
42,0,0,1,2,root,0.081,0.00206,0.7,SKT_15,K,2.332282559,2.332,2.2848111039999996,9506.842319001385,19.584095177142856
43,0,0,1,3,old leaf,0.516,0.05449,0.7,SKT_16,K,74.14966053,74.15,74.10218907500001,11656.480466927094,635.1616206428573
44,0,0,1,3,young leaf,0.304,0.03535,0.7,SKT_17,K,79.40295219,79.4,79.355480735,19241.579487169125,680.1898348714286
45,0,0,1,3,root,0.122,0.00493,0.7,SKT_18,K,4.352293672,4.352,4.304822217,7484.477920023181,36.898476145714284
46,0,0,2,1,old leaf,0.065,0.00734,0.7,SKT_19,K,6.859314566,6.859,6.811843111,7954.663033476061,58.38722666571429
47,0,0,2,1,young leaf,0.066,0.00558,0.7,SKT_20,K,0,0,0,0,0
48,0,0,2,1,root,0.01,6.9e-4,0.9,SKT_21,K,0.299684729,0.3,0.252213274,2436.84322705314,1.6814218266666665
49,0,0,2,2,old leaf,0.266,0.03089,0.7,SKT_22,K,30.98942627,30.99,30.941954815,8585.845113536512,265.21675555714285
50,0,0,2,2,young leaf,0.129,0.0157,0.7,SKT_23,K,30.6821845,30.68,30.634713045,16725.04806824386,262.5832546714286
51,0,0,2,2,root,0.087,0.00293,0.7,SKT_24,K,2.976986536,2.977,2.929515081,8570.00998829839,25.110129265714285
52,0,0,2,3,old leaf,0.417,0.05331,0.7,SKT_25,K,112.5078324,112.5,112.460360945,18081.897410563553,963.945950957143
53,0,0,2,3,young leaf,0.115,0.01395,0.7,SKT_26,K,30.61299849,30.61,30.565527035,18780.661772657448,261.9902317285714
54,0,0,2,3,root,0.165,0.0067,0.7,SKT_27,K,3.060386312,3.06,3.0129148569999997,3854.4752968017056,25.824984488571427
82,1,1,0,1,old leaf,0.24,0.02167,0.7,SKT_28,K,61.3587165,61.36,61.311245045,24251.267075614745,525.5249575285715
83,1,1,0,1,young leaf,0.078,0.00766,0.7,SKT_29,K,19.97947634,19.98,19.932004885,22303.623519209254,170.8457561571429
84,1,1,0,1,root,0.324,0.00413,0.7,SKT_30,K,2.045874858,2.046,1.998403403,4147.499279833967,17.129172025714286
85,1,1,0,2,old leaf,0.668,0.08326,0.7,SKT_31,K,29.91204354,29.91,29.864572085,3074.490108609863,255.98204644285718
86,1,1,0,2,young leaf,0.165,0.02175,0.7,SKT_32,K,40.12553205,40.13,40.078060595,15794.30959408867,343.52623367142854
87,1,1,0,2,root,0.357,0.00262,0.7,SKT_33,K,0.363329625,0.363,0.31585817,1033.3418865866956,2.7073557428571426
88,1,1,0,3,old leaf,0.123,0.01696,0.7,SKT_34,K,54.45747417,54.46,54.410002715,27498.316736017525,466.3714518428572
89,1,1,0,3,young leaf,0.117,0.02156,0.7,SKT_35,K,39.60379047,39.6,39.556319015,15726.07434998675,339.0541629857143
90,1,1,0,3,root,0.333,0.00338,0.7,SKT_36,K,0.660730373,0.661,0.613258918,1555.1789974640744,5.256505011428572
91,1,1,1,1,old leaf,0.224,0.02091,0.7,SKT_37,K,42.95484613,42.95,42.907374675,17588.593840951016,367.77749721428575
92,1,1,1,1,young leaf,0.084,0.00779,0.7,SKT_38,K,18.11536522,18.12,18.067893765,19880.315897671007,154.86766084285716
93,1,1,1,1,root,0.232,0.0019,0.7,SKT_39,K,0.54754688,0.548,0.5000754249999999,2255.9793609022554,4.286360785714285
94,1,1,1,2,old leaf,0.539,0.08039,0.7,SKT_40,K,77.20033298,77.2,77.152861525,8226.274930250744,661.3102416428572
95,1,1,1,2,young leaf,0.147,0.02439,0.7,SKT_41,K,36.31522871,36.32,36.267757255,12745.653577578636,310.8664907571429
96,1,1,1,2,root,0.212,8.6e-4,0.9,SKT_42,K,0.273986214,0.274,0.226514759,1755.9283643410852,1.5100983933333332
97,1,1,1,3,old leaf,0.134,0.02143,0.7,SKT_43,K,59.55135398,59.55,59.503882525,23799.966345576962,510.03327878571434
98,1,1,1,3,young leaf,0.06,0.01283,0.7,SKT_44,K,21.76060446,21.76,21.713133005,14506.045877964592,186.11256861428572
99,1,1,1,3,root,0.425,0.00403,0.7,SKT_45,K,0.393209845,0.393,0.34573839,735.3528323289615,2.963471914285715
100,1,1,2,1,old leaf,NA,0.01067,0.7,SKT_46,K,42.48089737,42.48,42.433425915,34087.63629535413,363.7150792714286
101,1,1,2,1,young leaf,NA,0.0064,0.7,SKT_47,K,20.91934849,20.92,20.871877035,27953.406743303574,178.9018031571429
102,1,1,2,1,root,NA,0.00558,0.7,SKT_48,K,0.840810104,0.841,0.793338649,1218.646158218126,6.800045562857143
103,1,1,2,2,old leaf,NA,0.08275,0.7,SKT_49,K,87.74578687,87.75,87.69831541500001,9083.98605938714,751.6998464142858
104,1,1,2,2,young leaf,NA,0.02628,0.7,SKT_50,K,40.8320166,40.83,40.784545145,13302.199982061318,349.58181552857144
105,1,1,2,2,root,NA,0.01388,0.7,SKT_51,K,2.100492145,2.1,2.05302069,1267.8184582132565,17.5973202
106,1,1,2,3,old leaf,NA,0.02069,0.7,SKT_52,K,52.50185063,52.5,52.454379175,21730.737764965826,449.60896435714295
107,1,1,2,3,young leaf,NA,0.01375,0.7,SKT_53,K,24.50101506,24.5,24.453543605,15243.767442077924,209.60180232857147
108,1,1,2,3,root,NA,0.00681,0.7,SKT_54,K,0.542964982,0.543,0.495493527,623.6545336689742,4.247087374285714
28,0,0,0,1,old leaf,0.045,0.00567,0.7,SKT_01,Fe,0.054628782,0.055,0.033039659,49.94657445200303,0.28319707714285713
29,0,0,0,1,young leaf,0.022,0.0034,0.7,SKT_02,Fe,0.065591387,0.066,0.044002264,110.93007731092436,0.3771622628571428
30,0,0,0,1,root,0,4.4e-4,0.9,SKT_03,Fe,0.148504697,0.149,0.12691557399999998,1922.963242424242,0.8461038266666665
31,0,0,0,2,old leaf,0.241,0.02381,0.7,SKT_04,Fe,0.067134661,0.067,0.045545537999999997,16.396065758684827,0.3903903257142857
32,0,0,0,2,young leaf,0.055,0.00592,0.7,SKT_05,Fe,0.063116395,0.063,0.041527272000000004,60.12635907335908,0.3559480457142858
33,0,0,0,2,root,0.075,6.6e-4,0.9,SKT_06,Fe,0.657769733,0.658,0.6361806099999999,6426.066767676768,4.241204066666667
34,0,0,0,3,old leaf,0.385,0.04599,0.7,SKT_07,Fe,0.146591075,0.147,0.12500195199999997,23.297353834684554,1.0714453028571427
35,0,0,0,3,young leaf,0.114,0.01297,0.7,SKT_08,Fe,0.059422237,0.059,0.037833114,25.00260865734112,0.32428383428571433
36,0,0,0,3,root,0.087,0.00181,0.7,SKT_09,Fe,1.357710281,1.358,1.3361211579999999,6327.329872138911,11.452467068571428
37,0,0,1,1,old leaf,0.054,0.0067,0.7,SKT_10,Fe,0.055182942,0.055,0.033593819,42.9771671641791,0.28794702
38,0,0,1,1,young leaf,0.037,0.00494,0.7,SKT_11,Fe,0.027077949,0.027,0.005488825999999999,9.523700404858298,0.04704707999999999
39,0,0,1,1,root,0.015,4.5e-4,0.9,SKT_12,Fe,0.278125616,0.278,0.25653649300000003,3800.5406370370374,1.7102432866666668
40,0,0,1,2,old leaf,0.188,0.02266,0.7,SKT_13,Fe,0.075399874,0.075,0.053810751000000004,20.35458996343463,0.4612350085714287
41,0,0,1,2,young leaf,0.147,0.0201,0.7,SKT_14,Fe,0.068902461,0.069,0.047313337999999996,20.176263539445632,0.4055428971428572
42,0,0,1,2,root,0.081,0.00206,0.7,SKT_15,Fe,0.974981617,0.975,0.9533924939999999,3966.9590596393896,8.171935662857143
43,0,0,1,3,old leaf,0.516,0.05449,0.7,SKT_16,Fe,0.178712712,0.179,0.157123589,24.715977610570754,1.3467736200000002
44,0,0,1,3,young leaf,0.304,0.03535,0.7,SKT_17,Fe,0.137595729,0.138,0.116006606,28.128496100222268,0.9943423371428571
45,0,0,1,3,root,0.122,0.00493,0.7,SKT_18,Fe,3.417441045,3.417,3.395851922,5904.118090988119,29.107302188571428
46,0,0,2,1,old leaf,0.065,0.00734,0.7,SKT_19,Fe,0.038832602,0.039,0.017243479,20.136409887115608,0.14780124857142857
47,0,0,2,1,young leaf,0.066,0.00558,0.7,SKT_20,Fe,0.012628421,0.013,0,0,0
48,0,0,2,1,root,0.01,6.9e-4,0.9,SKT_21,Fe,0.194413892,0.194,0.172824769,1669.8045314009662,1.1521651266666666
49,0,0,2,2,old leaf,0.266,0.03089,0.7,SKT_22,Fe,0.102463205,0.102,0.080874082,22.44112713314526,0.6932064171428571
50,0,0,2,2,young leaf,0.129,0.0157,0.7,SKT_23,Fe,0.060148386,0.06,0.038559262999999996,21.05146296633303,0.33050796857142856
51,0,0,2,2,root,0.087,0.00293,0.7,SKT_24,Fe,1.071670794,1.072,1.050081671,3071.9112754753783,9.000700037142858
52,0,0,2,3,old leaf,0.417,0.05331,0.7,SKT_25,Fe,0.20136834,0.201,0.179779217,28.905734705362164,1.540964717142857
53,0,0,2,3,young leaf,0.115,0.01395,0.7,SKT_26,Fe,0.106008803,0.106,0.08441968,51.870771121351765,0.7235972571428572
54,0,0,2,3,root,0.165,0.0067,0.7,SKT_27,Fe,3.868826774,3.869,3.847237651,4921.839212366737,32.97632272285714
82,1,1,0,1,old leaf,0.24,0.02167,0.7,SKT_28,Fe,0.149019294,0.149,0.12743017099999998,50.40418129079043,1.0922586085714285
83,1,1,0,1,young leaf,0.078,0.00766,0.7,SKT_29,Fe,0.120386719,0.12,0.098797596,110.55307273405447,0.8468365371428572
84,1,1,0,1,root,0.324,0.00413,0.7,SKT_30,Fe,3.962669837,3.963,3.941080714,8179.3442698028375,33.78069183428572
85,1,1,0,2,old leaf,0.668,0.08326,0.7,SKT_31,Fe,0.676990616,0.677,0.655401493,67.47210044267527,5.617727082857143
86,1,1,0,2,young leaf,0.165,0.02175,0.7,SKT_32,Fe,0.29654366,0.297,0.274954537,108.35646778325126,2.3567531742857146
87,1,1,0,2,root,0.357,0.00262,0.7,SKT_33,Fe,3.973202778,3.973,3.951613655,12927.852742639041,33.87097418571429
88,1,1,0,3,old leaf,0.123,0.01696,0.7,SKT_34,Fe,0.372504097,0.373,0.350914974,177.34921192722376,3.0078426342857147
89,1,1,0,3,young leaf,0.117,0.02156,0.7,SKT_35,Fe,0.170970438,0.171,0.14938131500000001,59.38827789557382,1.2804112714285716
90,1,1,0,3,root,0.333,0.00338,0.7,SKT_36,Fe,4.710201461,4.71,4.6886123379999995,11889.972116652578,40.188105754285715
91,1,1,1,1,old leaf,0.224,0.02091,0.7,SKT_37,Fe,0.166678479,0.167,0.145089356,59.475038327526136,1.2436230514285715
92,1,1,1,1,young leaf,0.084,0.00779,0.7,SKT_38,Fe,0.106299997,0.106,0.08471087399999999,93.20837043829084,0.7260932057142857
93,1,1,1,1,root,0.232,0.0019,0.7,SKT_39,Fe,2.531774624,2.532,2.510185501,11324.145117293232,21.515875722857142
94,1,1,1,2,old leaf,0.539,0.08039,0.7,SKT_40,Fe,1.420860646,1.421,1.399271523,149.1946250955165,11.993755911428572
95,1,1,1,2,young leaf,0.147,0.02439,0.7,SKT_41,Fe,0.232639776,0.233,0.21105065299999998,74.16997118256896,1.809005597142857
96,1,1,1,2,root,0.212,8.6e-4,0.9,SKT_42,Fe,3.538791161,3.539,3.5172020379999998,27265.132077519374,23.44801358666666
97,1,1,1,3,old leaf,0.134,0.02143,0.7,SKT_43,Fe,0.681343172,0.681,0.659754049,263.8840273315112,5.655034705714286
98,1,1,1,3,young leaf,0.06,0.01283,0.7,SKT_44,Fe,0.093295992,0.093,0.07170686899999999,47.90571361763723,0.6146303057142857
99,1,1,1,3,root,0.425,0.00403,0.7,SKT_45,Fe,6.193852095,6.194,6.1722629719999995,13127.819153491671,52.90511118857143
100,1,1,2,1,old leaf,NA,0.01067,0.7,SKT_46,Fe,0.139762246,0.14,0.118173123,94.93087936805463,1.012912482857143
101,1,1,2,1,young leaf,NA,0.0064,0.7,SKT_47,Fe,0.081531523,0.082,0.05994239999999999,80.27999999999999,0.5137919999999999
102,1,1,2,1,root,NA,0.00558,0.7,SKT_48,Fe,4.556478243,4.556,4.53488912,6966.035514592934,38.87047817142857
103,1,1,2,2,old leaf,NA,0.08275,0.7,SKT_49,Fe,0.840369721,0.84,0.8187805979999999,84.81111071212774,7.018119411428571
104,1,1,2,2,young leaf,NA,0.02628,0.7,SKT_50,Fe,0.254059433,0.254,0.23247031,75.8220189171559,1.9926026571428572
105,1,1,2,2,root,NA,0.01388,0.7,SKT_51,Fe,5.127359158,5.127,5.105770035,3153.0074320708113,43.76374315714286
106,1,1,2,3,old leaf,NA,0.02069,0.7,SKT_52,Fe,0.545572862,0.546,0.523983739,217.0753596630532,4.491289191428571
107,1,1,2,3,young leaf,NA,0.01375,0.7,SKT_53,Fe,0.154738233,0.155,0.13314911000000001,83.0020425974026,1.141278085714286
108,1,1,2,3,root,NA,0.00681,0.7,SKT_54,Fe,7.355157078,7.355,7.333567955,9230.419074889869,62.85915390000001
28,0,0,0,1,old leaf,0.045,0.00567,0.7,SKT_01,Zn,0.04180055,0.042,0.034831781,52.65575359032502,0.29855812285714284
29,0,0,0,1,young leaf,0.022,0.0034,0.7,SKT_02,Zn,0.01225612,0.012,0.005287351000000001,13.32945630252101,0.04532015142857143
30,0,0,0,1,root,0,4.4e-4,0.9,SKT_03,Zn,0.028712138,0.029,0.021743369000000002,329.4449848484849,0.14495579333333336
31,0,0,0,2,old leaf,0.241,0.02381,0.7,SKT_04,Zn,0.561377984,0.561,0.5544092150000001,199.58332573348534,4.752078985714286
32,0,0,0,2,young leaf,0.055,0.00592,0.7,SKT_05,Zn,0.052725938,0.053,0.045757169,66.25072731660232,0.3922043057142858
33,0,0,0,2,root,0.075,6.6e-4,0.9,SKT_06,Zn,0.05208919,0.052,0.045120421,455.76182828282833,0.3008028066666667
34,0,0,0,3,old leaf,0.385,0.04599,0.7,SKT_07,Zn,0.175775612,0.176,0.16880684299999998,31.461530705432853,1.446915797142857
35,0,0,0,3,young leaf,0.114,0.01297,0.7,SKT_08,Zn,0.120849231,0.121,0.113880462,75.259695120608,0.9761182457142857
36,0,0,0,3,root,0.087,0.00181,0.7,SKT_09,Zn,0.067766654,0.068,0.060797884999999996,287.91421468034724,0.5211247285714286
37,0,0,1,1,old leaf,0.054,0.0067,0.7,SKT_10,Zn,0.05156052,0.052,0.044591751,57.04701620469083,0.38221500857142854
38,0,0,1,1,young leaf,0.037,0.00494,0.7,SKT_11,Zn,0.029705494,0.03,0.022736725,39.45065066512435,0.1948862142857143
39,0,0,1,1,root,0.015,4.5e-4,0.9,SKT_12,Zn,0.043587518,0.044,0.036618749,542.4999851851852,0.24412499333333332
40,0,0,1,2,old leaf,0.188,0.02266,0.7,SKT_13,Zn,0.309277139,0.309,0.30230837,114.35192409532216,2.5912146000000003
41,0,0,1,2,young leaf,0.147,0.0201,0.7,SKT_14,Zn,0.179559674,0.18,0.17259090500000002,73.59953304904052,1.4793506142857145
42,0,0,1,2,root,0.081,0.00206,0.7,SKT_15,Zn,0.185150055,0.185,0.178181286,741.3923134535366,1.5272681657142857
43,0,0,1,3,old leaf,0.516,0.05449,0.7,SKT_16,Zn,0.202993433,0.203,0.19602466400000002,30.835224916760616,1.6802114057142858
44,0,0,1,3,young leaf,0.304,0.03535,0.7,SKT_17,Zn,0.239360607,0.239,0.23239183800000002,56.34879886845828,1.9919300400000002
45,0,0,1,3,root,0.122,0.00493,0.7,SKT_18,Zn,0.132283253,0.132,0.125314484,217.87508084613154,1.0741241485714286
46,0,0,2,1,old leaf,0.065,0.00734,0.7,SKT_19,Zn,0.025155481,0.025,0.018186712,21.23788867263527,0.15588610285714288
47,0,0,2,1,young leaf,0.066,0.00558,0.7,SKT_20,Zn,0.003111779,0.003,0,0,0
48,0,0,2,1,root,0.01,6.9e-4,0.9,SKT_21,Zn,0.020094985,0.02,0.013126216,126.82334299516909,0.08750810666666667
49,0,0,2,2,old leaf,0.266,0.03089,0.7,SKT_22,Zn,0.221958924,0.222,0.21499015500000002,59.655964944734784,1.8427727571428576
50,0,0,2,2,young leaf,0.129,0.0157,0.7,SKT_23,Zn,0.134088147,0.134,0.127119378,69.40093430391266,1.0895946685714286
51,0,0,2,2,root,0.087,0.00293,0.7,SKT_24,Zn,0.343346133,0.343,0.336377364,984.039095075573,2.8832345485714286
52,0,0,2,3,old leaf,0.417,0.05331,0.7,SKT_25,Zn,0.211151752,0.211,0.20418298299999998,32.829485167617975,1.7501398542857145
53,0,0,2,3,young leaf,0.115,0.01395,0.7,SKT_26,Zn,0.151766192,0.152,0.14479742299999998,88.9692307219662,1.2411207685714285
54,0,0,2,3,root,0.165,0.0067,0.7,SKT_27,Zn,0.236910126,0.237,0.229941357,294.1680473347548,1.9709259171428575
82,1,1,0,1,old leaf,0.24,0.02167,0.7,SKT_28,Zn,0.185104039,0.185,0.17813527,70.46025578482431,1.5268737428571428
83,1,1,0,1,young leaf,0.078,0.00766,0.7,SKT_29,Zn,0.089897843,0.09,0.082929074,92.79642745244313,0.7108206342857144
84,1,1,0,1,root,0.324,0.00413,0.7,SKT_30,Zn,0.113186052,0.113,0.106217283,220.4440325147008,0.9104338542857143
85,1,1,0,2,old leaf,0.668,0.08326,0.7,SKT_31,Zn,1.026618695,1.027,1.019649926,104.97065227686079,8.73985650857143
86,1,1,0,2,young leaf,0.165,0.02175,0.7,SKT_32,Zn,0.285897197,0.286,0.278928428,109.92253320197048,2.3908150971428577
87,1,1,0,2,root,0.357,0.00262,0.7,SKT_33,Zn,0.067854357,0.068,0.060885588000000004,199.189491821156,0.5218764685714287
88,1,1,0,3,old leaf,0.123,0.01696,0.7,SKT_34,Zn,0.310850812,0.311,0.303882043,153.57919962938007,2.6047032257142857
89,1,1,0,3,young leaf,0.117,0.02156,0.7,SKT_35,Zn,0.209538196,0.21,0.20256942700000002,80.53382997614632,1.7363093742857145
90,1,1,0,3,root,0.333,0.00338,0.7,SKT_36,Zn,0.122863096,0.123,0.115894327,293.89939222316144,0.9933799457142858
91,1,1,1,1,old leaf,0.224,0.02091,0.7,SKT_37,Zn,0.16833993,0.168,0.16137116099999999,66.1492769010043,1.38318138
92,1,1,1,1,young leaf,0.084,0.00779,0.7,SKT_38,Zn,0.068211236,0.068,0.061242466999999995,67.38580634513113,0.5249354314285715
93,1,1,1,1,root,0.232,0.0019,0.7,SKT_39,Zn,0.060136925,0.06,0.053168156,239.8563428571429,0.4557270514285715
94,1,1,1,2,old leaf,0.539,0.08039,0.7,SKT_40,Zn,0.746203278,0.746,0.739234509,78.81945256161924,6.336295791428571
95,1,1,1,2,young leaf,0.147,0.02439,0.7,SKT_41,Zn,0.210832204,0.211,0.20386343499999998,71.64415217009314,1.7474008714285716
96,1,1,1,2,root,0.212,8.6e-4,0.9,SKT_42,Zn,0.070339485,0.07,0.063370716,491.2458604651162,0.4224714399999999
97,1,1,1,3,old leaf,0.134,0.02143,0.7,SKT_43,Zn,0.461912314,0.462,0.454943545,181.96528698086794,3.8995161000000005
98,1,1,1,3,young leaf,0.06,0.01283,0.7,SKT_44,Zn,0.125057976,0.125,0.11808920699999999,78.89268923282485,1.0121932028571428
99,1,1,1,3,root,0.425,0.00403,0.7,SKT_45,Zn,0.183035145,0.183,0.17606637600000002,374.4765175469692,1.509140365714286
100,1,1,2,1,old leaf,NA,0.01067,0.7,SKT_46,Zn,0.154657992,0.155,0.14768922299999998,118.64176435935197,1.2659076257142856
101,1,1,2,1,young leaf,NA,0.0064,0.7,SKT_47,Zn,0.094035243,0.094,0.087066474,116.6068848214286,0.746284062857143
102,1,1,2,1,root,NA,0.00558,0.7,SKT_48,Zn,0.171062481,0.171,0.164093712,252.06407373271892,1.4065175314285716
103,1,1,2,2,old leaf,NA,0.08275,0.7,SKT_49,Zn,0.64337009,0.643,0.636401321,65.91986061286146,5.454868465714286
104,1,1,2,2,young leaf,NA,0.02628,0.7,SKT_50,Zn,0.286175487,0.286,0.279206718,91.06546575342468,2.3932004400000007
105,1,1,2,2,root,NA,0.01388,0.7,SKT_51,Zn,0.401085325,0.401,0.394116556,243.38198188554964,3.378141908571429
106,1,1,2,3,old leaf,NA,0.02069,0.7,SKT_52,Zn,0.354944906,0.355,0.347976137,144.15913981909827,2.982652602857143
107,1,1,2,3,young leaf,NA,0.01375,0.7,SKT_53,Zn,0.179492632,0.179,0.172523863,107.54734316883116,1.4787759685714286
108,1,1,2,3,root,NA,0.00681,0.7,SKT_54,Zn,0.104535138,0.105,0.097566369,122.80222655758341,0.836283162857143
